datetime,access1-0_rcp45_r1i1p1,access1-0_rcp85_r1i1p1,bcc-csm1-1-m_rcp45_r1i1p1,bcc-csm1-1-m_rcp85_r1i1p1,bcc-csm1-1_rcp26_r1i1p1,bcc-csm1-1_rcp45_r1i1p1,bcc-csm1-1_rcp60_r1i1p1,bcc-csm1-1_rcp85_r1i1p1,canesm2_rcp26_r1i1p1,canesm2_rcp45_r1i1p1,canesm2_rcp85_r1i1p1,ccsm4_rcp26_r1i1p1,ccsm4_rcp45_r1i1p1,ccsm4_rcp60_r1i1p1,ccsm4_rcp85_r1i1p1,cesm1-bgc_rcp45_r1i1p1,cesm1-bgc_rcp85_r1i1p1,cesm1-cam5_rcp26_r1i1p1,cesm1-cam5_rcp45_r1i1p1,cesm1-cam5_rcp60_r1i1p1,cesm1-cam5_rcp85_r1i1p1,cmcc-cm_rcp45_r1i1p1,cmcc-cm_rcp85_r1i1p1,cnrm-cm5_rcp45_r1i1p1,cnrm-cm5_rcp85_r1i1p1,csiro-mk3-6-0_rcp26_r1i1p1,csiro-mk3-6-0_rcp45_r1i1p1,csiro-mk3-6-0_rcp60_r1i1p1,csiro-mk3-6-0_rcp85_r1i1p1,fgoals-g2_rcp26_r1i1p1,fgoals-g2_rcp45_r1i1p1,fgoals-g2_rcp85_r1i1p1,fio-esm_rcp26_r1i1p1,fio-esm_rcp45_r1i1p1,fio-esm_rcp60_r1i1p1,fio-esm_rcp85_r1i1p1,gfdl-cm3_rcp26_r1i1p1,gfdl-cm3_rcp45_r1i1p1,gfdl-cm3_rcp60_r1i1p1,gfdl-cm3_rcp85_r1i1p1,gfdl-esm2g_rcp26_r1i1p1,gfdl-esm2g_rcp45_r1i1p1,gfdl-esm2g_rcp60_r1i1p1,gfdl-esm2g_rcp85_r1i1p1,gfdl-esm2m_rcp26_r1i1p1,gfdl-esm2m_rcp45_r1i1p1,gfdl-esm2m_rcp60_r1i1p1,gfdl-esm2m_rcp85_r1i1p1,giss-e2-h-cc_rcp45_r1i1p1,giss-e2-r-cc_rcp45_r1i1p1,giss-e2-r_rcp26_r1i1p1,giss-e2-r_rcp45_r1i1p1,giss-e2-r_rcp60_r1i1p1,giss-e2-r_rcp85_r1i1p1,hadgem2-ao_rcp26_r1i1p1,hadgem2-ao_rcp45_r1i1p1,hadgem2-ao_rcp60_r1i1p1,hadgem2-ao_rcp85_r1i1p1,hadgem2-cc_rcp45_r1i1p1,hadgem2-cc_rcp85_r1i1p1,hadgem2-es_rcp26_r1i1p1,hadgem2-es_rcp45_r1i1p1,hadgem2-es_rcp60_r1i1p1,hadgem2-es_rcp85_r1i1p1,inmcm4_rcp45_r1i1p1,inmcm4_rcp85_r1i1p1,ipsl-cm5a-mr_rcp26_r1i1p1,ipsl-cm5a-mr_rcp45_r1i1p1,ipsl-cm5a-mr_rcp60_r1i1p1,ipsl-cm5a-mr_rcp85_r1i1p1,ipsl-cm5b-lr_rcp45_r1i1p1,ipsl-cm5b-lr_rcp85_r1i1p1,miroc5_rcp26_r1i1p1,miroc5_rcp45_r1i1p1,miroc5_rcp60_r1i1p1,miroc5_rcp85_r1i1p1,miroc-esm-chem_rcp26_r1i1p1,miroc-esm-chem_rcp45_r1i1p1,miroc-esm-chem_rcp60_r1i1p1,miroc-esm-chem_rcp85_r1i1p1,miroc-esm_rcp26_r1i1p1,miroc-esm_rcp45_r1i1p1,miroc-esm_rcp60_r1i1p1,miroc-esm_rcp85_r1i1p1,mpi-esm-lr_rcp26_r1i1p1,mpi-esm-lr_rcp45_r1i1p1,mpi-esm-lr_rcp85_r1i1p1,mpi-esm-mr_rcp26_r1i1p1,mpi-esm-mr_rcp45_r1i1p1,mpi-esm-mr_rcp85_r1i1p1,mri-cgcm3_rcp26_r1i1p1,mri-cgcm3_rcp45_r1i1p1,mri-cgcm3_rcp85_r1i1p1,noresm1-m_rcp26_r1i1p1,noresm1-m_rcp45_r1i1p1,noresm1-m_rcp60_r1i1p1,noresm1-m_rcp85_r1i1p1
2000-10-01,167.38,168.68,168.56,168.3,168.76,167.92,163.68,165.3,163.24,164.72,166.14,169.4,165.54,170.34,167.94,168.92,165.5,172.06,168.26,167.58,167.98,169.12,169.96,168.56,169.12,165.84,164.86,167.44,164.8,163.58,164.16,162.82,168.82,167.82,170.7,168.02,166.02,163.24,163.06,164.5,166.94,164.8,164.66,165.42,170.0,166.46,168.92,164.98,166.98,169.16,172.74,171.84,171.66,171.18,168.12,169.72,167.32,168.22,170.94,171.06,170.46,167.58,172.6,170.74,163.22,165.54,170.78,169.5,169.2,168.08,165.84,166.14,168.22,167.22,170.9,171.5,163.0,166.06,167.78,166.64,171.8,170.5,170.78,170.54,169.12,167.52,166.54,170.34,170.98,173.86,169.46,167.6,168.58,171.32,172.2,172.22,172.22
2001-10-01,166.9,168.24,167.6,167.14,168.08,166.36,162.26,163.98,162.4,163.32,164.8,168.16,164.38,169.3,166.96,168.7,166.1,170.56,166.76,167.1,166.66,170.52,170.6,168.4,169.12,164.68,163.72,166.3,163.9,162.76,163.44,162.1,168.42,167.74,170.12,167.32,167.02,164.24,163.92,165.88,166.84,164.62,164.64,165.28,169.98,166.0,168.38,165.16,166.7,169.06,172.74,171.92,171.9,171.28,167.86,170.08,167.4,168.26,171.76,172.22,170.34,167.1,172.26,170.46,162.58,165.0,169.94,168.88,168.56,167.66,166.18,166.44,168.0,166.78,170.48,170.6,162.34,166.74,166.94,166.38,171.4,170.56,170.52,170.22,168.52,166.8,165.94,170.62,171.4,174.26,169.2,167.82,168.28,171.16,172.08,172.0,172.04
2002-10-01,166.18,166.88,166.8,166.42,166.48,164.94,160.7,162.8,161.74,162.56,164.68,168.9,164.88,170.46,167.3,167.72,166.36,170.62,166.74,167.26,167.68,171.1,171.3,170.16,170.62,164.88,163.92,166.36,164.0,161.54,161.74,160.46,167.88,167.52,169.86,166.9,166.28,163.84,163.56,165.3,165.92,163.88,163.88,164.48,169.24,165.66,168.16,164.7,167.6,168.84,173.64,172.6,172.78,172.46,168.22,170.18,167.44,168.72,171.88,171.98,170.06,166.4,170.5,169.44,163.24,165.06,170.7,169.66,169.24,168.44,166.18,166.56,168.36,167.2,170.74,171.2,161.48,165.16,165.58,165.24,171.4,169.96,169.78,170.02,168.7,167.32,165.88,169.84,170.86,173.68,168.6,167.88,167.78,171.88,172.86,173.2,172.5
2003-10-01,166.38,167.08,167.48,167.12,167.46,165.92,161.74,164.16,161.7,162.32,163.46,169.68,165.48,170.48,167.34,168.46,167.22,169.14,165.46,166.52,166.46,171.22,171.74,170.64,170.96,165.14,163.94,166.34,163.94,161.34,161.06,160.0,166.58,166.3,168.74,165.52,166.52,164.4,164.22,165.94,166.42,164.34,164.9,164.96,169.52,165.16,167.9,164.46,167.98,169.8,174.48,173.18,173.4,173.0,167.9,169.96,167.74,168.24,172.04,172.36,171.1,167.5,171.56,170.28,162.8,164.78,170.86,169.48,169.32,168.12,166.1,166.62,168.14,167.18,170.8,171.18,162.42,165.76,166.16,165.6,171.72,170.24,169.84,170.02,168.94,167.26,165.86,168.36,169.46,172.8,168.08,167.2,167.14,172.12,173.14,173.54,172.82
2004-10-01,165.16,166.06,166.82,166.24,168.0,166.54,162.5,164.9,160.76,160.98,162.46,169.0,164.54,169.48,166.34,168.14,166.46,169.46,166.18,166.64,167.2,171.64,171.64,170.0,170.36,164.34,163.2,165.6,163.7,162.44,162.74,161.92,165.38,165.12,167.28,164.7,166.44,164.54,164.36,166.04,165.86,163.9,164.74,165.1,169.46,165.34,168.1,164.48,167.78,169.96,174.42,173.08,173.18,172.9,166.98,169.18,167.14,167.4,172.96,173.26,171.3,168.32,172.06,170.92,161.64,163.72,170.92,170.06,169.62,168.82,165.66,166.5,168.48,167.74,171.04,171.26,162.02,165.1,165.82,164.84,172.76,171.22,170.92,170.84,168.86,167.02,165.64,168.0,169.14,172.2,168.28,167.26,167.04,172.04,172.98,173.24,172.7
2005-10-01,164.7,165.08,167.92,167.38,168.48,166.22,163.16,165.18,161.12,161.28,162.7,168.68,164.06,168.8,165.42,167.42,166.14,169.16,165.66,166.42,167.18,171.38,171.14,170.32,170.02,163.74,162.18,165.6,162.96,163.06,162.86,162.0,165.02,164.6,166.06,163.48,166.7,165.06,163.94,165.72,165.88,164.36,165.14,165.5,169.4,166.6,169.14,165.3,167.7,169.5,173.64,172.64,172.12,171.54,167.08,169.4,168.26,168.02,172.28,172.78,171.42,166.76,171.32,169.44,162.4,163.84,170.76,169.14,169.9,169.1,165.56,166.52,167.6,168.66,171.18,171.22,161.04,164.14,164.52,163.26,172.34,170.42,170.26,169.64,168.8,166.42,165.54,168.66,169.48,171.64,167.98,168.02,167.72,172.34,173.64,173.98,172.86
2006-10-01,164.96,164.92,167.8,168.0,169.14,165.98,163.4,165.82,160.9,160.82,162.72,168.64,164.4,169.22,164.88,166.58,165.36,169.12,166.4,166.28,167.02,171.88,171.54,168.76,169.5,163.56,161.22,165.82,163.14,163.4,162.9,161.58,165.02,164.58,166.02,163.48,166.36,164.68,162.84,165.48,165.48,164.26,165.6,166.64,168.74,165.06,169.6,164.94,166.48,168.72,173.62,172.82,171.6,171.72,166.42,169.0,167.48,166.84,171.52,172.5,171.74,167.04,170.8,169.64,161.2,164.1,170.46,167.78,169.28,168.48,166.0,166.56,166.32,167.68,171.3,170.6,161.24,164.08,164.94,162.42,171.3,169.4,169.38,169.08,167.96,166.32,165.26,168.5,169.24,171.16,168.96,168.86,168.52,171.04,173.24,174.24,172.26
2007-10-01,165.34,164.74,168.58,168.7,168.38,165.2,163.76,165.76,160.44,160.14,162.72,168.3,164.28,168.22,163.88,166.48,164.42,167.54,166.76,165.5,166.66,172.54,172.8,168.48,169.46,163.6,161.88,166.02,162.72,163.4,162.98,161.82,165.0,165.3,165.28,163.3,166.06,163.46,162.1,163.88,164.9,164.52,165.86,166.54,169.64,166.38,170.06,166.26,166.38,168.3,174.22,173.18,171.16,171.24,165.48,168.7,166.4,166.6,171.84,173.04,171.82,167.54,171.06,169.38,161.26,164.9,170.66,168.1,168.38,168.42,166.46,166.86,167.44,167.8,171.08,170.56,161.8,164.86,165.46,162.72,170.98,169.4,169.32,169.08,167.06,166.52,165.62,168.4,167.52,171.48,167.84,167.66,167.48,170.54,173.3,173.92,171.02
2008-10-01,165.82,165.38,168.18,166.88,169.24,166.08,164.56,166.66,160.06,158.9,161.58,167.36,163.94,167.66,163.5,165.96,164.4,166.96,166.24,165.4,165.66,172.7,173.0,167.94,168.14,163.6,161.48,165.18,162.66,163.16,163.32,162.12,165.2,164.2,164.84,162.38,165.2,163.18,160.88,163.42,164.16,164.26,165.18,166.84,170.12,166.96,169.86,166.18,166.56,168.62,173.66,172.76,171.5,171.74,166.58,169.04,166.9,167.3,171.94,172.6,171.1,167.08,169.92,169.02,161.5,164.5,168.92,166.58,167.26,167.2,166.18,166.6,167.92,168.12,170.06,170.34,162.1,165.34,165.2,162.82,170.32,169.14,169.28,169.32,166.0,166.72,165.26,167.76,166.46,170.56,166.8,166.96,167.18,169.9,172.48,173.36,171.1
2009-10-01,165.62,164.94,169.74,166.92,168.32,165.76,163.8,166.38,160.28,158.3,161.36,168.1,165.42,168.36,164.76,165.86,164.6,166.56,166.24,165.36,165.3,171.74,172.52,167.54,169.62,162.98,160.82,164.3,162.52,163.1,163.42,162.0,164.3,163.9,165.02,161.12,165.02,162.92,160.1,161.46,165.22,164.08,165.28,167.58,170.74,167.34,169.32,167.22,166.4,168.12,174.08,172.98,171.54,171.56,165.54,168.18,166.5,167.06,171.28,171.26,171.58,167.48,169.14,169.12,162.12,164.52,167.78,167.3,167.54,167.54,166.94,166.08,168.48,167.78,171.3,171.78,163.12,165.96,165.82,162.32,169.88,168.74,169.46,168.94,165.3,166.74,164.96,167.94,166.24,170.02,167.36,167.06,167.96,170.38,173.52,173.66,172.16
2010-10-01,165.62,164.58,168.72,166.8,168.4,166.76,165.28,167.2,159.5,157.04,160.4,167.64,165.62,169.06,165.82,166.1,164.14,167.52,166.12,165.94,165.98,170.48,171.9,166.42,168.46,162.96,160.5,164.16,162.98,163.08,162.56,162.44,164.44,163.28,166.0,160.88,165.58,164.3,161.44,161.54,166.36,163.98,166.2,168.38,169.74,167.8,169.38,167.26,166.72,166.64,173.86,173.24,171.8,171.18,165.68,167.76,166.94,166.76,170.66,170.32,171.76,168.74,170.28,169.1,162.56,164.5,168.12,166.74,167.66,167.86,167.2,166.1,168.82,168.18,171.8,173.3,163.16,165.34,165.34,161.68,168.32,167.98,169.46,168.16,164.94,166.8,164.68,168.42,166.44,170.56,167.58,167.68,167.94,171.52,173.92,174.06,172.22
2011-10-01,164.52,165.0,167.3,166.46,169.38,166.04,166.28,167.72,158.48,156.54,159.48,166.5,164.96,168.12,165.88,166.56,164.64,167.38,165.42,164.82,166.6,170.58,172.36,165.42,167.88,163.32,160.78,163.62,164.18,162.32,161.6,161.4,163.48,163.02,164.94,159.92,166.48,164.56,162.3,161.58,165.14,163.22,166.22,167.86,168.78,167.06,169.02,166.38,165.88,166.0,175.28,174.18,172.14,172.18,166.52,168.78,167.62,167.1,169.5,169.86,172.74,168.92,170.76,169.72,163.56,164.52,168.26,165.86,167.78,168.9,166.14,165.46,168.48,167.8,170.62,172.8,163.94,166.68,165.5,160.74,168.02,168.16,169.1,167.82,164.84,167.34,163.02,168.78,165.6,169.96,168.22,166.9,167.0,171.78,173.18,173.74,170.94
2012-10-01,165.26,165.22,168.6,167.4,170.16,165.92,167.22,168.68,158.68,155.36,159.54,166.56,165.02,168.3,167.1,166.4,165.14,166.44,165.22,165.16,166.88,170.68,172.96,165.16,167.82,163.48,161.18,164.1,165.04,162.84,162.32,162.74,164.42,163.14,165.52,160.46,166.52,164.76,163.44,161.7,165.62,164.46,166.78,168.02,168.06,167.8,168.88,166.56,166.0,165.12,174.56,174.54,172.34,170.76,166.62,169.48,168.36,167.9,169.4,169.2,171.98,168.5,170.1,168.52,163.38,163.36,167.44,165.56,167.86,168.66,167.24,166.58,167.74,167.72,170.68,172.12,163.4,166.52,165.14,160.9,168.94,169.02,169.8,169.66,165.02,167.22,163.66,167.44,163.24,168.28,168.08,167.36,166.56,171.04,172.9,172.86,170.88
2013-10-01,164.58,165.62,168.18,167.44,170.58,166.54,166.84,169.48,158.04,155.12,159.74,166.56,165.36,168.2,166.76,166.0,164.98,165.62,164.86,164.02,166.74,170.36,172.42,164.2,166.5,163.5,161.66,164.04,164.94,162.5,163.42,163.66,162.66,162.0,164.02,159.72,165.04,164.86,163.42,160.76,164.26,164.38,164.78,166.88,167.16,168.38,169.26,166.88,164.82,165.96,175.2,175.46,172.98,171.2,166.34,168.42,167.62,167.42,168.4,168.94,170.72,167.82,169.6,168.5,162.98,162.76,167.54,167.08,168.44,169.14,167.12,166.22,168.5,168.52,171.4,171.82,162.32,166.58,164.78,161.64,167.98,167.86,168.68,169.28,164.92,167.1,164.1,166.7,163.28,167.54,168.1,166.66,166.22,171.22,173.02,170.6,170.88
2014-10-01,163.8,165.3,167.98,166.66,170.26,166.66,166.96,170.02,157.38,154.18,157.92,166.52,164.6,167.6,165.86,165.74,164.54,166.24,164.92,163.34,166.26,170.48,172.68,164.02,165.7,162.82,161.72,163.94,164.74,162.68,162.44,163.14,162.26,162.42,163.2,160.54,165.44,164.74,163.84,160.58,163.1,163.96,165.14,166.06,166.82,168.6,168.9,166.22,164.32,165.0,174.88,175.48,173.42,171.1,167.54,169.6,168.08,168.86,168.76,168.68,169.88,167.42,169.8,168.98,163.14,162.1,166.98,166.62,167.3,168.2,167.84,166.48,168.9,168.62,171.8,172.78,162.68,166.48,165.3,162.44,167.36,167.46,169.02,169.88,166.34,168.24,164.68,167.0,162.3,165.64,168.74,167.18,167.08,171.66,173.08,170.52,170.14
2015-10-01,163.78,165.06,168.96,167.66,170.54,166.52,167.08,169.2,156.64,152.96,157.64,165.48,165.08,166.66,164.9,164.78,163.38,164.42,166.0,163.36,166.08,170.02,172.62,163.3,165.1,162.68,162.48,162.98,165.14,162.3,161.96,161.98,163.86,163.94,165.1,161.42,165.88,164.48,163.1,160.88,162.06,163.54,165.14,165.8,166.34,167.68,167.9,164.84,165.98,163.98,176.12,176.42,174.16,171.22,167.94,169.74,167.96,169.78,169.34,168.24,169.38,167.48,170.14,168.84,163.96,162.96,167.16,167.56,167.14,168.8,166.6,165.5,168.22,167.14,171.52,172.96,163.1,166.32,164.56,162.7,166.2,167.28,168.5,170.72,167.2,169.94,166.26,166.56,161.74,164.92,168.06,166.34,166.78,171.44,172.06,170.06,169.58
2016-10-01,163.38,165.1,168.72,167.86,169.72,165.04,166.3,168.66,156.38,152.6,157.64,166.16,165.9,167.18,165.66,165.68,163.78,162.76,165.66,162.44,164.64,170.5,172.5,162.0,164.1,161.5,161.66,160.82,164.24,161.42,160.94,161.76,164.92,164.06,165.2,160.74,164.5,163.1,162.42,159.78,162.08,164.04,165.08,164.76,166.12,167.06,167.32,164.72,164.72,164.62,176.42,176.4,174.02,171.68,166.78,169.06,167.32,169.84,169.48,168.28,168.96,166.5,169.84,167.36,165.04,162.72,166.86,166.4,166.28,167.96,166.28,164.12,167.12,166.98,171.06,172.7,163.26,166.76,164.98,162.96,165.12,165.88,167.44,168.68,167.44,169.92,166.84,165.62,160.88,164.2,167.5,166.5,167.02,171.92,171.74,169.82,169.08
2017-10-01,163.16,164.22,168.46,167.6,170.16,165.16,166.1,168.14,156.7,152.56,157.74,165.96,164.92,167.28,164.64,166.12,163.94,163.34,165.7,163.14,165.16,170.02,172.9,161.88,162.34,161.3,161.86,160.82,163.84,161.94,160.96,161.66,165.72,164.0,164.34,160.98,164.42,162.64,162.1,159.3,161.02,163.26,165.12,163.64,165.7,168.06,167.12,164.18,163.78,164.98,175.72,177.04,174.46,170.8,166.78,168.52,167.38,169.42,168.66,167.86,169.38,166.18,169.18,166.86,165.3,162.56,167.46,167.2,167.46,167.72,166.84,163.2,165.88,166.58,169.8,171.72,163.2,166.86,164.14,163.18,164.5,164.56,166.64,166.74,167.06,168.36,165.52,165.26,159.88,163.98,166.0,166.1,167.06,173.26,172.36,170.3,169.08
2018-10-01,163.18,162.98,169.08,167.72,170.28,164.1,165.7,168.04,156.34,152.66,157.7,166.22,164.64,167.68,164.32,165.54,163.66,162.74,164.64,161.92,164.28,169.86,171.46,161.24,161.28,161.54,162.74,160.84,163.04,161.78,160.88,162.18,165.82,165.12,164.34,161.12,164.72,161.92,161.94,159.86,160.22,161.54,164.16,163.46,165.3,168.7,167.32,163.58,163.76,165.52,175.58,176.06,172.12,170.52,166.34,166.62,166.56,168.0,168.3,167.44,169.38,165.72,168.88,166.6,164.22,162.6,167.04,167.24,168.1,167.18,167.78,164.3,166.28,166.68,170.38,172.0,162.74,166.54,163.34,161.84,164.58,164.34,166.96,166.82,166.52,168.12,164.28,165.9,159.42,164.44,166.5,166.82,167.58,172.26,171.36,171.0,169.88
2019-10-01,162.76,162.7,168.62,165.92,169.5,163.6,165.44,167.16,156.18,151.24,157.9,164.56,165.02,168.52,165.22,164.18,162.48,161.58,165.52,162.34,165.44,169.32,171.72,160.9,160.56,162.26,163.52,161.72,162.78,162.2,160.2,161.2,165.18,163.78,164.1,159.98,163.24,162.28,162.88,159.18,159.18,160.52,163.46,163.18,165.4,168.16,167.26,164.28,163.12,165.66,175.54,176.7,172.0,170.76,165.6,165.78,165.76,166.64,167.88,167.1,170.54,166.44,169.54,167.02,164.54,161.86,166.18,165.94,168.06,166.62,167.26,164.2,165.74,166.68,169.96,171.72,162.86,166.48,162.1,161.18,163.6,164.16,166.74,166.54,167.38,168.58,163.92,166.64,160.04,164.26,167.28,167.92,168.3,171.62,171.62,170.5,170.54
2020-10-01,162.5,163.1,167.8,165.1,168.88,162.42,165.02,166.16,155.06,150.18,156.68,163.92,165.2,168.78,164.64,162.84,161.86,162.54,167.18,162.02,166.86,169.5,172.6,160.92,160.88,161.78,162.14,161.24,162.14,163.84,162.28,163.32,165.52,163.48,164.52,159.22,162.36,161.54,162.74,158.2,158.18,160.2,162.1,162.96,164.78,166.74,165.64,164.34,163.94,164.64,175.16,175.86,172.14,169.7,165.02,164.76,165.2,166.48,167.72,166.82,170.92,166.22,168.84,167.38,164.28,161.36,166.8,165.0,167.66,166.34,167.96,163.84,164.02,166.3,168.78,170.22,163.14,166.72,163.1,161.42,162.96,164.2,165.8,165.78,167.62,169.86,163.9,166.98,159.92,163.92,166.58,168.66,168.92,172.12,171.8,171.0,170.46
2021-10-01,162.16,162.98,166.64,164.3,169.2,162.14,165.18,166.14,155.34,150.62,155.92,163.54,164.5,168.58,164.74,162.5,162.18,161.68,167.06,161.7,165.7,169.88,173.6,161.62,160.82,161.6,161.74,160.8,160.16,162.46,161.32,162.48,165.48,163.88,163.22,158.52,161.62,160.2,162.78,157.24,158.18,160.38,161.6,161.72,165.3,167.34,166.6,164.18,164.92,164.08,173.9,176.08,172.26,169.12,164.16,164.8,164.44,167.08,167.66,167.08,170.52,167.16,168.24,167.44,164.64,160.52,165.72,164.74,166.88,165.72,168.7,165.36,163.3,165.34,168.32,168.96,163.08,166.88,163.1,159.94,162.8,164.14,164.5,164.5,168.2,170.02,164.42,166.04,160.44,163.08,165.56,168.18,168.08,172.9,171.98,170.4,169.72
2022-10-01,162.24,162.8,166.18,164.0,169.76,161.64,165.64,165.82,154.7,149.94,156.02,164.02,163.72,168.18,164.72,162.38,161.12,159.2,166.06,160.98,164.48,170.72,173.38,160.48,160.84,161.84,162.5,162.04,159.58,161.98,160.82,161.4,165.18,163.9,163.44,158.82,162.0,159.3,163.9,157.4,158.2,160.32,161.64,160.62,165.8,168.6,167.34,164.16,163.04,164.08,173.38,176.1,171.92,169.56,163.32,164.36,164.02,166.96,167.52,166.38,170.34,167.5,168.16,167.28,164.88,159.18,165.68,164.0,165.8,165.12,168.26,164.44,164.28,166.46,168.8,168.96,162.06,165.94,162.0,159.4,161.64,162.9,164.06,162.86,167.98,170.28,163.84,166.32,161.38,163.62,164.7,167.6,167.42,173.18,172.0,169.46,170.34
2023-10-01,161.84,162.14,165.4,163.76,169.72,160.36,165.32,165.54,154.34,150.44,154.46,163.38,162.08,166.26,162.64,162.2,160.34,159.18,165.92,161.96,164.9,170.9,173.2,159.66,160.18,163.44,163.12,162.24,161.06,162.18,161.14,161.86,166.24,163.92,163.46,158.52,162.88,160.46,163.98,157.24,156.76,159.08,160.46,159.44,165.66,167.38,167.18,162.6,162.16,164.3,174.86,176.92,171.84,170.38,163.78,163.24,165.08,167.92,167.32,166.46,170.06,166.04,167.1,166.68,163.52,159.2,164.84,162.74,165.5,165.56,168.74,164.98,163.7,166.12,168.06,168.56,161.28,166.44,162.1,159.18,162.04,162.98,163.86,163.62,168.22,169.18,162.88,164.82,161.58,162.62,164.92,167.78,166.82,172.42,171.32,168.48,168.64
2024-10-01,161.14,161.04,165.56,164.08,169.82,160.32,165.2,165.78,154.08,149.64,154.74,163.02,161.66,164.96,163.2,162.68,160.6,158.76,165.7,161.46,164.4,170.56,172.4,159.34,159.78,163.22,162.76,162.6,160.94,162.6,161.8,162.56,166.26,163.48,163.28,158.74,161.98,161.46,164.52,158.0,156.4,158.04,160.16,159.44,166.52,167.8,167.16,161.72,163.26,163.32,174.32,177.28,172.0,170.32,163.88,163.38,164.86,167.74,167.28,165.3,168.64,164.32,166.38,165.56,163.7,158.0,164.66,162.46,165.3,165.5,168.06,165.66,163.8,165.82,167.02,168.52,161.7,166.28,161.44,158.28,162.86,163.24,163.96,164.0,168.28,168.2,162.7,164.38,161.82,163.06,164.68,167.32,167.52,171.12,171.14,167.68,169.0
2025-10-01,160.94,160.6,166.74,163.56,170.7,160.9,166.64,166.52,153.46,149.22,154.0,161.4,159.96,165.04,162.66,163.42,160.4,158.2,164.82,161.48,165.28,169.24,171.48,158.06,159.38,162.46,162.24,162.64,161.52,163.72,163.0,163.4,164.38,163.04,163.02,157.52,161.44,161.68,164.72,157.26,156.52,157.72,159.28,159.24,165.78,166.26,166.28,160.28,162.06,164.06,172.88,176.84,171.76,170.7,163.68,162.18,164.5,167.1,167.02,165.7,168.38,163.92,165.54,164.76,163.34,157.58,164.04,162.46,165.42,164.62,167.84,164.94,163.2,164.32,165.54,167.78,161.28,166.98,161.16,157.84,163.0,162.4,163.36,163.34,167.34,167.62,161.48,163.24,161.8,163.64,164.46,167.34,167.96,169.5,171.36,167.9,168.7
2026-10-01,161.84,160.84,167.0,163.12,170.3,162.0,167.24,165.98,153.68,150.22,153.92,161.06,158.94,164.28,162.76,163.58,161.26,158.1,165.48,162.78,166.1,168.78,171.62,156.7,159.64,161.66,162.2,162.28,161.02,163.4,162.36,162.94,163.82,163.04,162.6,158.62,160.78,161.78,163.14,156.34,156.48,158.3,160.12,158.92,165.0,164.6,166.2,158.54,161.74,164.22,172.6,175.68,172.42,171.16,163.46,161.68,164.1,167.28,166.48,164.24,168.88,163.48,165.14,164.08,163.68,157.9,164.5,163.02,166.38,164.16,168.12,165.04,164.0,165.28,166.06,167.24,161.4,166.82,161.3,156.58,163.34,161.76,163.88,163.36,166.56,167.82,160.84,162.88,162.6,163.38,163.58,166.58,167.56,169.38,170.92,168.58,168.8
2027-10-01,160.86,159.76,165.92,161.24,169.38,162.26,166.1,165.26,152.92,149.62,152.94,161.06,158.1,165.14,161.84,164.2,161.06,157.62,165.38,162.72,165.66,169.02,172.24,156.66,159.7,162.26,162.24,163.22,162.2,163.32,163.28,163.28,164.36,162.42,163.56,158.82,158.38,160.76,162.38,155.1,156.96,158.42,160.42,158.46,166.12,165.34,166.54,159.36,161.34,164.8,172.52,174.9,173.06,171.78,162.32,161.24,164.0,166.66,167.54,164.06,168.1,162.46,165.46,163.5,162.88,157.24,164.44,163.68,166.88,163.96,168.18,164.3,163.14,165.36,165.5,166.42,162.36,167.68,162.14,156.0,164.6,162.78,164.86,164.06,166.98,167.74,160.18,163.72,163.14,163.34,164.0,166.98,168.18,169.02,171.72,168.84,168.88
2028-10-01,159.96,159.28,165.48,161.1,170.22,161.16,166.8,165.54,152.2,148.82,152.26,160.9,159.06,165.0,161.2,163.78,160.08,158.32,164.66,162.0,165.64,168.08,171.14,155.86,158.82,160.84,160.3,161.84,161.84,163.38,163.36,163.48,163.86,162.48,162.94,157.06,158.74,160.66,162.74,155.36,156.96,158.06,159.18,158.42,164.56,165.08,165.5,159.06,161.96,164.46,173.68,175.92,173.38,173.02,161.18,159.96,162.7,165.18,167.82,164.4,169.4,162.84,166.1,163.28,162.1,157.06,165.14,163.62,166.52,163.48,167.36,163.1,161.7,163.98,164.74,165.26,162.86,166.94,162.96,155.28,164.48,163.32,164.96,163.66,165.44,167.5,160.96,164.4,163.64,163.58,163.12,166.46,168.16,168.78,171.58,167.92,167.76
2029-10-01,161.0,159.02,164.2,160.64,171.68,161.78,167.38,166.14,152.34,149.4,152.22,160.62,158.28,163.72,160.48,163.3,159.26,158.24,165.72,162.44,166.3,167.26,170.58,155.36,159.24,161.52,159.8,161.78,160.74,164.12,164.74,164.24,163.8,163.22,163.68,156.98,158.38,160.18,162.58,154.78,155.44,156.36,157.44,156.4,162.68,164.54,165.06,158.26,161.76,164.12,173.38,175.56,172.58,172.24,160.56,159.3,162.22,163.82,167.5,164.26,170.58,163.42,165.9,162.3,162.8,157.46,164.66,162.96,165.54,162.96,167.7,162.78,162.0,163.14,164.8,165.12,162.38,165.78,162.38,154.38,166.16,163.9,166.44,164.5,164.2,166.5,160.36,164.2,163.68,162.78,163.18,166.8,167.9,169.08,172.88,169.08,167.86
2030-10-01,161.38,158.54,164.82,159.84,171.42,161.02,167.4,166.64,152.48,149.84,153.0,160.8,158.16,162.58,160.38,163.4,159.88,158.62,165.62,162.88,165.6,167.14,170.5,154.16,158.3,161.22,158.84,161.7,160.72,163.3,164.9,163.86,163.54,162.36,162.54,156.94,159.86,161.12,163.78,155.32,154.18,155.6,155.96,154.78,163.36,164.62,165.42,158.58,161.62,164.82,172.98,174.7,171.6,171.3,159.74,158.5,161.88,164.16,167.58,164.08,170.8,163.9,166.26,162.7,162.76,157.92,163.22,162.6,165.4,161.66,168.0,162.16,161.66,163.5,164.3,165.82,164.06,165.4,163.56,154.66,165.7,162.54,165.96,164.04,164.6,165.32,159.6,164.84,164.04,163.2,162.62,166.74,168.0,167.28,172.64,168.42,166.14
2031-10-01,160.6,157.84,164.88,159.52,170.58,161.08,167.02,166.72,151.44,149.3,151.68,159.88,157.34,161.1,160.12,164.06,159.94,157.24,165.0,161.08,164.92,167.66,171.16,152.76,158.12,161.36,160.32,162.3,161.92,163.78,164.28,164.84,162.88,162.24,161.9,156.72,159.2,160.08,163.4,154.42,153.08,155.12,155.8,153.88,163.0,163.64,165.28,158.1,162.1,164.08,172.48,174.14,171.82,170.5,159.98,158.08,161.88,164.3,168.16,164.04,171.0,163.92,164.9,161.94,162.22,157.1,162.42,161.76,165.16,160.9,168.38,163.18,160.52,161.38,163.32,165.02,164.8,165.06,164.32,154.94,165.08,163.7,165.16,164.66,164.7,164.02,159.24,164.28,163.1,163.54,161.58,166.0,166.82,165.8,173.38,168.7,165.12
2032-10-01,160.74,157.42,164.52,159.02,170.98,161.02,167.14,167.36,150.64,148.18,150.9,159.74,156.12,160.56,160.08,163.72,159.16,156.68,164.8,160.2,163.8,168.16,171.52,153.18,157.18,160.66,160.74,162.8,161.98,163.6,164.82,164.78,163.14,162.76,161.76,157.26,158.7,159.2,163.0,154.52,153.52,155.64,156.32,155.78,163.26,164.48,165.18,157.52,162.28,165.16,171.68,175.54,171.88,170.96,159.06,157.78,161.72,163.82,167.54,163.78,169.84,163.96,164.54,161.68,161.9,157.32,161.28,160.66,165.26,158.86,168.78,162.1,159.4,160.1,162.14,164.34,165.6,163.78,163.28,153.9,165.7,164.12,164.9,165.2,164.9,163.42,159.74,164.82,163.5,163.82,161.14,165.32,166.6,164.84,171.08,168.94,164.24
2033-10-01,159.26,155.38,163.2,157.56,171.26,160.16,168.46,168.32,149.52,147.62,151.26,159.82,156.4,159.44,159.16,164.0,158.6,157.16,164.14,159.62,163.92,168.08,170.74,152.48,157.24,159.02,159.12,162.26,161.56,162.64,163.98,164.72,162.48,161.8,160.88,156.42,158.2,158.8,163.0,153.7,152.38,154.86,156.74,155.36,163.82,163.62,165.6,157.86,162.32,164.28,170.08,174.4,171.22,169.84,158.6,157.46,160.9,163.06,168.3,164.6,169.22,163.18,164.46,161.56,161.9,157.6,161.14,160.66,165.34,158.04,167.98,160.8,158.82,160.14,162.54,163.82,165.16,163.6,162.98,153.76,164.6,162.0,163.56,164.78,164.1,163.14,158.82,164.5,163.66,164.56,161.18,165.36,166.82,165.46,170.44,167.92,164.68
2034-10-01,159.42,155.3,162.38,157.68,171.0,159.86,167.6,168.16,149.26,148.16,152.08,158.42,155.38,159.3,159.14,163.72,158.5,156.48,163.4,158.98,162.78,168.04,169.54,151.02,156.16,158.7,158.54,161.92,161.22,162.86,163.12,163.84,162.14,161.32,160.36,155.2,158.12,157.84,162.86,153.06,151.98,154.56,156.2,154.64,163.18,163.2,165.12,157.14,161.74,164.02,170.7,173.96,171.42,170.02,157.66,156.26,159.94,161.94,168.26,165.4,168.66,164.1,164.44,160.86,161.94,157.36,160.7,159.22,163.54,157.48,167.86,161.08,159.34,160.66,162.92,163.8,164.66,163.26,162.9,152.84,164.86,161.56,164.02,163.92,164.62,162.16,158.42,163.84,163.22,164.32,159.96,164.14,165.0,165.3,168.26,167.0,164.04
2035-10-01,159.02,153.68,162.44,157.0,170.3,160.76,168.24,168.52,149.14,147.78,152.1,158.62,156.56,159.14,159.58,163.02,159.32,156.7,163.02,159.24,162.88,167.8,168.84,151.38,155.82,158.32,157.64,161.3,160.06,163.0,163.02,164.7,162.2,161.44,160.16,155.1,157.8,157.02,162.4,153.34,151.62,154.76,155.66,154.14,161.28,161.82,164.56,157.48,161.12,162.52,171.32,174.16,170.8,169.34,157.56,156.72,160.96,162.02,167.76,165.18,168.96,164.5,164.56,161.4,162.98,158.86,160.96,158.9,163.48,157.18,167.44,160.76,159.7,160.72,163.18,164.36,165.82,164.42,163.62,152.12,164.82,161.42,164.72,163.44,165.56,161.62,158.88,163.64,163.38,164.26,159.16,163.14,164.16,164.18,167.48,164.78,163.02
2036-10-01,157.78,152.26,162.16,157.14,170.02,160.04,166.96,168.14,148.52,147.48,152.98,157.46,155.24,157.36,158.58,163.4,159.02,156.86,163.58,160.46,161.8,167.22,167.74,150.46,155.32,157.58,157.8,161.44,161.12,163.9,163.58,164.74,161.3,160.64,159.22,154.18,157.32,156.3,162.64,152.34,152.46,154.72,155.86,154.56,161.5,161.7,164.2,155.94,160.22,163.04,171.38,173.14,170.42,169.28,156.18,155.5,160.1,159.82,166.0,165.12,168.24,164.88,163.88,161.26,162.32,158.5,160.56,159.18,163.62,158.1,166.76,159.64,159.04,159.92,162.42,163.34,166.42,166.02,163.48,153.78,163.86,161.92,164.32,163.7,165.1,161.86,159.36,163.54,163.04,163.84,160.16,164.42,164.16,163.7,166.4,164.56,161.96
2037-10-01,156.48,152.26,162.54,156.68,169.0,160.26,167.1,167.1,150.22,148.22,153.42,157.0,154.66,157.18,157.74,163.38,160.36,155.76,163.62,158.82,161.54,166.72,167.22,150.42,154.38,157.44,158.42,162.08,162.76,164.0,163.0,163.98,161.2,161.3,159.3,154.06,157.9,155.1,160.6,151.88,151.96,154.34,154.8,153.92,161.08,162.32,164.36,156.02,160.5,161.76,170.64,172.64,170.0,168.86,156.12,155.02,160.26,158.22,166.74,164.4,166.72,165.32,164.0,160.5,161.38,157.74,160.26,159.08,162.64,157.12,166.0,158.7,159.68,159.82,162.84,163.92,165.12,165.86,162.96,153.74,164.14,161.58,164.62,163.94,164.94,161.82,158.84,163.82,162.02,164.1,159.34,164.64,164.92,163.7,166.74,163.68,162.16
2038-10-01,156.48,152.5,162.3,156.94,168.18,160.82,167.02,166.36,150.06,147.96,152.36,155.78,153.36,156.42,157.34,162.84,159.32,154.7,164.12,158.7,161.24,166.4,166.74,151.02,153.74,156.1,157.88,162.26,162.48,164.4,162.46,164.6,160.82,162.0,159.86,153.46,156.98,154.96,160.42,151.34,150.74,152.92,153.92,153.64,161.3,162.52,164.66,156.28,159.76,162.14,172.02,172.8,170.66,167.94,156.74,156.18,160.42,158.26,166.42,163.86,165.82,164.5,163.06,159.7,161.42,158.4,159.92,159.44,162.58,155.84,165.78,157.82,159.64,160.1,162.24,163.82,165.02,165.18,162.08,152.96,163.48,162.32,164.58,163.72,164.12,161.06,157.54,164.32,161.64,164.1,159.52,164.06,165.02,164.18,165.8,164.22,162.94
2039-10-01,154.7,151.86,162.44,156.24,167.16,159.54,166.34,166.42,149.32,148.3,152.6,155.04,153.18,156.16,157.54,162.66,158.56,153.72,164.44,157.92,161.2,165.4,165.88,150.46,154.28,156.98,157.52,162.02,162.68,163.04,162.16,163.34,161.0,163.38,159.4,153.66,156.3,155.94,159.9,151.06,151.18,152.48,154.12,153.68,160.2,161.46,163.52,155.26,159.44,163.26,171.06,170.88,169.22,167.02,156.56,155.72,159.76,157.7,166.84,163.72,166.42,165.56,164.1,159.14,160.1,158.22,160.68,159.58,162.84,155.38,164.18,156.64,158.24,160.4,162.02,162.62,163.94,165.2,161.62,151.48,163.96,162.82,164.62,164.2,163.94,161.62,157.32,163.78,160.98,163.7,158.14,163.52,164.04,163.68,165.52,163.2,163.3
2040-10-01,155.28,152.24,161.32,155.62,165.52,158.62,165.4,165.46,149.5,148.82,152.2,154.2,153.52,155.34,157.12,161.6,157.88,152.74,164.08,157.88,161.48,164.88,165.58,150.5,153.6,156.96,158.04,161.8,162.36,163.68,162.92,162.74,160.68,164.0,158.04,153.42,155.38,154.9,159.28,150.12,151.56,151.5,153.72,152.84,160.64,160.38,163.26,154.78,159.38,163.54,169.9,170.32,168.3,166.92,155.86,155.52,158.78,156.78,166.22,163.26,166.34,166.28,164.28,159.28,159.46,158.04,160.44,159.82,162.78,154.94,164.64,157.22,157.3,159.88,160.84,161.62,163.72,166.88,161.2,152.28,164.78,163.24,164.82,163.92,162.58,160.56,156.94,163.28,160.04,162.5,158.86,164.08,163.92,162.78,165.42,162.44,162.28
2041-10-01,154.6,150.86,160.68,153.6,166.1,159.56,166.34,165.84,147.86,147.7,150.7,155.6,153.38,154.76,157.6,161.18,157.96,152.32,164.12,157.2,161.2,164.8,164.72,150.78,153.3,156.34,157.24,161.18,161.42,163.2,162.58,162.1,160.62,163.26,157.78,151.5,155.5,155.74,160.4,150.3,152.16,152.0,154.02,152.94,159.58,160.28,162.84,153.62,160.22,162.54,169.46,169.76,166.82,166.36,155.42,154.9,158.38,156.02,165.98,163.7,166.84,165.92,164.28,159.84,159.34,157.62,159.44,159.04,163.08,154.2,163.94,157.24,157.82,160.38,161.36,162.26,162.38,165.18,160.4,152.08,164.14,163.78,165.06,164.44,162.64,160.6,155.82,162.72,158.62,161.62,160.48,165.64,164.64,162.02,165.46,162.1,161.56
2042-10-01,153.84,150.1,159.8,151.76,165.22,159.78,165.76,164.66,146.5,146.96,148.78,154.88,152.94,153.64,157.78,159.26,156.12,153.2,164.74,158.78,162.06,164.6,164.86,148.84,152.08,155.6,157.3,161.12,161.16,163.22,162.14,161.48,160.18,162.48,156.94,152.44,155.94,155.46,160.54,150.2,151.42,151.46,153.88,153.06,157.36,159.72,162.4,153.04,160.54,162.58,168.54,169.58,166.18,164.06,154.16,154.66,158.18,155.26,164.44,162.34,166.34,164.84,163.06,159.38,158.54,157.22,157.76,159.48,162.88,153.56,164.7,157.54,157.82,160.04,160.84,161.14,161.82,165.78,160.4,151.14,163.9,164.24,164.76,163.38,163.54,160.94,156.4,161.52,158.04,160.44,159.94,164.88,164.12,160.34,163.54,160.68,160.22
2043-10-01,153.4,150.72,159.9,151.44,166.2,160.24,167.04,165.58,145.44,146.98,147.84,155.0,152.64,153.22,157.36,158.9,155.8,152.26,164.54,157.84,161.78,165.04,164.24,148.78,151.24,154.22,156.56,160.04,160.9,163.78,162.44,160.5,160.48,162.58,156.5,152.2,155.54,154.26,159.68,149.74,152.12,151.18,153.74,153.28,158.02,159.74,162.8,153.12,159.8,163.06,168.42,169.76,166.44,162.98,153.72,153.28,157.88,155.02,164.7,161.94,166.72,164.92,162.94,159.3,158.08,156.86,157.2,159.22,162.38,153.74,164.94,157.48,157.58,159.04,160.76,161.06,161.6,165.02,158.82,151.36,163.1,163.44,163.34,162.34,162.94,160.08,156.22,160.82,157.28,159.82,160.14,165.42,163.36,160.78,162.36,161.3,159.92
2044-10-01,151.78,148.86,159.7,150.42,165.12,159.88,167.46,165.0,145.32,146.86,148.2,154.82,154.08,153.6,157.58,158.68,155.48,152.1,164.3,157.96,161.34,164.42,163.62,148.32,151.0,153.14,155.14,159.72,158.62,164.32,161.7,160.26,161.46,161.9,156.26,152.9,154.84,153.02,158.54,149.32,152.18,151.58,154.68,153.94,157.8,158.0,162.02,152.42,160.44,162.54,167.52,169.6,165.08,162.94,152.26,152.68,157.38,153.34,165.24,161.08,167.8,165.44,163.28,159.2,156.2,155.66,157.4,158.48,161.7,153.22,164.82,157.22,157.3,158.62,160.12,160.4,161.68,165.28,158.32,151.74,163.06,161.86,163.42,162.34,162.92,160.36,155.32,160.8,156.36,159.44,159.96,165.62,163.24,160.34,161.4,161.6,159.46
2045-10-01,150.96,147.8,159.88,149.92,164.78,159.58,166.38,163.58,145.34,146.64,146.58,154.54,154.42,153.26,157.34,158.68,155.12,152.3,164.54,158.02,161.74,165.3,163.78,147.08,149.9,152.88,154.74,158.76,158.24,162.88,160.86,158.52,161.96,162.16,155.92,152.74,154.1,152.2,157.62,148.32,151.32,149.58,154.34,153.86,156.7,157.58,161.88,151.5,161.54,161.52,168.1,169.48,165.16,163.04,152.34,152.06,157.36,152.6,164.6,160.64,167.1,164.98,161.4,158.12,157.1,154.88,157.62,158.38,161.4,153.26,164.02,157.04,156.16,158.4,159.7,158.72,161.8,165.06,156.68,150.76,161.7,161.9,162.54,162.0,161.78,159.26,154.18,160.26,154.58,157.58,159.1,164.76,162.06,159.16,160.98,161.3,158.62
2046-10-01,150.12,147.16,159.94,149.5,163.2,159.08,165.04,163.4,145.28,146.16,145.68,154.84,154.82,153.12,156.82,159.6,156.92,150.68,164.14,156.42,160.34,163.8,163.04,146.36,149.32,152.9,154.8,158.62,157.98,162.1,160.28,158.1,161.04,161.78,155.98,151.92,153.54,152.98,156.48,148.22,150.06,149.3,153.44,152.8,156.68,156.28,161.18,151.74,160.38,161.08,167.74,169.4,164.12,161.62,151.44,150.92,156.1,152.2,164.36,159.2,166.52,164.36,160.42,158.08,157.02,155.86,156.94,157.72,160.76,152.96,163.9,156.42,156.68,159.1,161.2,158.6,161.32,164.16,155.68,150.52,161.8,161.7,161.4,163.2,162.84,160.76,154.56,160.02,153.98,155.96,158.04,163.62,161.52,159.08,160.18,160.54,158.84
2047-10-01,149.66,146.62,160.24,149.86,162.48,158.48,164.6,163.32,145.58,147.58,146.62,154.84,154.3,151.98,156.92,160.04,157.64,149.22,163.22,156.28,160.5,164.18,162.92,146.54,149.86,154.18,154.74,158.84,157.3,162.76,160.26,157.96,160.0,161.28,154.78,150.74,153.04,153.08,155.6,148.48,149.18,149.44,154.04,152.04,156.98,155.84,160.06,152.1,159.74,161.96,167.96,169.9,164.56,161.24,151.5,150.4,156.48,151.26,164.36,158.5,166.78,164.76,159.74,158.34,157.96,155.38,156.68,157.56,160.34,152.38,165.38,156.48,156.04,157.9,160.58,158.42,159.9,162.82,154.76,150.04,162.0,161.06,162.2,163.38,162.38,159.98,153.42,160.42,154.66,155.56,158.48,163.26,161.2,159.46,159.66,159.12,158.72
2048-10-01,149.94,147.22,160.6,149.88,162.56,159.02,164.6,162.34,145.04,146.94,145.86,154.52,154.48,152.34,156.82,159.6,157.5,149.46,164.0,156.9,161.6,163.86,162.6,145.52,149.5,154.62,154.76,158.06,157.48,161.7,160.1,157.68,160.34,161.3,154.82,150.72,153.9,153.56,154.88,148.84,148.58,148.78,152.5,151.54,155.96,156.64,159.06,152.02,159.48,160.72,168.32,169.78,163.98,161.72,151.82,150.26,156.48,151.3,164.2,158.36,166.88,165.02,159.6,158.46,157.22,155.08,156.54,157.68,160.26,151.94,165.2,157.1,154.58,156.66,159.12,157.38,159.2,161.32,154.7,150.32,162.66,160.0,162.08,162.5,163.2,159.84,153.34,159.72,154.42,155.22,158.8,162.56,160.92,157.92,158.86,158.96,157.3
2049-10-01,148.8,146.54,160.12,149.32,162.1,159.42,164.76,162.78,145.5,146.88,146.06,153.24,154.1,151.2,155.62,159.02,157.1,150.74,164.82,157.36,162.28,164.5,162.64,144.52,148.66,154.22,153.42,158.2,157.4,162.14,159.98,157.5,160.38,162.02,154.82,150.1,154.02,152.74,153.9,148.04,147.72,148.42,150.94,151.04,153.88,155.58,158.84,150.72,158.56,159.74,168.38,170.48,164.2,162.34,151.92,149.76,155.9,149.94,163.32,156.8,165.92,163.3,157.78,158.36,156.84,155.26,155.3,157.42,160.42,151.74,165.24,156.46,155.08,157.32,159.62,157.84,158.8,161.28,155.22,150.68,162.32,159.16,161.08,162.1,162.96,160.56,152.86,160.54,154.64,155.3,158.5,161.66,160.5,156.68,158.18,158.38,156.56
2050-10-01,149.62,146.78,161.56,150.34,161.42,158.48,164.62,161.96,146.22,146.84,144.72,153.34,153.28,150.54,156.28,158.88,156.76,150.98,165.66,156.92,161.68,164.22,163.18,143.62,147.48,153.76,154.24,157.98,156.9,162.58,160.32,158.32,159.0,160.66,153.2,148.9,153.92,153.18,153.6,147.86,147.22,148.26,150.42,150.04,152.74,154.8,157.82,149.92,158.48,159.34,168.2,169.62,163.54,161.7,152.76,149.94,156.48,151.3,161.94,155.88,164.94,161.58,156.04,156.48,155.74,154.82,154.92,156.5,159.66,150.82,164.86,157.62,155.5,158.2,160.5,157.94,157.88,160.9,154.52,150.34,161.48,157.5,159.78,160.6,162.8,160.34,153.08,160.54,153.84,154.9,158.8,162.4,160.64,154.94,157.36,158.36,154.68
2051-10-01,149.24,146.98,162.0,150.6,161.64,158.9,164.86,162.44,146.66,147.56,145.16,153.9,153.28,150.48,156.48,158.08,156.28,152.08,166.28,156.96,160.94,162.74,162.9,142.74,147.18,154.66,155.28,158.62,157.84,163.94,160.26,159.18,159.74,160.5,153.74,148.48,153.62,152.3,153.02,147.08,147.44,148.24,150.08,149.92,151.42,154.1,158.2,149.42,158.88,158.38,167.72,169.5,163.02,161.26,152.54,149.34,156.1,151.52,161.4,155.76,164.84,162.14,156.32,156.06,156.06,154.9,154.7,156.12,159.5,150.0,163.68,156.68,156.02,159.0,160.48,158.88,158.36,160.46,155.2,150.52,161.44,157.16,159.14,159.86,162.22,160.48,153.6,160.76,153.16,154.36,158.38,161.18,160.64,153.48,155.72,157.98,154.4
2052-10-01,149.58,146.84,162.32,150.74,161.82,158.46,166.12,162.42,147.44,147.24,145.2,154.46,153.68,149.92,156.58,158.34,156.44,151.9,166.3,156.98,160.18,162.66,161.72,141.98,146.16,154.6,154.88,158.22,157.0,163.46,160.24,159.58,160.64,160.7,154.68,149.2,154.06,153.08,153.66,147.22,148.12,149.12,151.46,150.38,151.54,154.28,159.08,150.08,158.52,157.86,167.14,168.44,162.52,160.12,153.1,148.8,155.94,150.92,161.3,156.08,164.06,161.8,156.86,157.08,155.68,154.1,154.24,154.52,158.2,149.48,162.68,155.18,155.82,158.36,159.78,158.68,158.5,160.5,156.3,152.0,160.6,157.9,158.74,159.22,162.1,159.14,151.94,161.2,153.62,154.42,158.4,160.92,160.2,153.32,155.78,157.5,154.9
2053-10-01,149.34,146.1,161.8,150.28,161.8,158.34,166.36,161.28,148.04,147.5,145.58,153.42,153.42,149.04,156.08,157.7,155.68,152.4,167.16,157.42,160.96,161.44,160.18,140.76,146.2,154.14,154.46,157.2,156.22,162.4,160.88,158.92,160.34,161.32,155.14,149.66,153.62,152.54,153.26,147.26,147.86,148.02,150.22,148.92,151.2,154.94,159.06,150.18,157.4,156.54,166.4,167.64,162.8,159.92,152.8,148.8,155.56,151.06,161.1,155.68,163.9,161.22,156.0,156.32,156.0,153.76,154.12,154.4,157.76,150.74,162.4,154.7,154.66,157.36,159.34,158.24,159.24,159.44,156.6,150.86,160.74,157.42,158.7,157.66,161.08,157.64,150.76,162.84,153.54,154.28,158.58,160.62,160.46,151.98,155.94,156.22,153.92
2054-10-01,150.04,146.0,162.4,150.44,160.84,157.1,165.26,160.24,147.22,147.04,145.2,153.82,152.42,149.68,155.78,157.08,156.04,152.06,166.16,156.9,159.82,161.26,160.66,140.26,146.22,155.26,154.74,157.92,156.3,160.94,159.88,157.84,161.44,161.68,156.56,150.38,152.86,152.24,152.16,146.48,147.74,148.22,150.54,149.38,150.24,154.2,158.02,149.74,156.92,156.42,166.28,167.86,163.08,159.18,152.84,149.78,155.4,151.48,160.64,154.14,163.66,160.56,156.14,155.84,155.3,154.18,154.14,154.04,156.44,150.66,162.04,154.16,154.22,156.08,158.42,157.12,159.22,160.26,157.32,150.84,160.0,157.36,158.1,156.94,161.42,157.1,150.92,162.88,152.98,154.44,159.7,160.28,160.34,151.66,155.48,156.78,153.64
2055-10-01,150.38,145.76,160.9,149.96,161.48,157.44,163.1,160.02,147.54,147.02,144.94,154.02,151.82,149.64,156.92,157.42,155.28,152.36,165.12,156.84,159.36,161.28,159.92,139.32,146.54,155.58,155.64,157.56,156.14,160.42,159.48,156.94,161.4,161.86,156.56,150.78,152.38,151.24,152.8,146.86,148.86,147.76,151.82,148.82,150.54,153.48,156.76,149.92,156.3,156.8,165.82,167.38,162.42,159.46,152.7,148.72,154.9,151.44,159.8,154.1,162.82,162.06,156.4,156.32,154.66,154.84,154.48,153.76,155.14,150.24,162.14,154.16,154.76,155.66,156.98,156.72,160.88,160.7,159.0,150.94,158.84,157.6,157.86,157.58,160.68,158.16,150.76,162.2,152.26,153.4,161.1,159.92,160.0,152.04,154.86,155.22,152.44
2056-10-01,149.14,145.2,160.06,149.96,160.52,157.72,162.72,159.54,146.54,145.94,144.2,154.24,149.62,148.78,157.34,156.94,154.7,152.02,164.16,157.96,159.84,160.26,158.8,139.92,146.0,154.92,157.1,157.84,156.1,160.08,159.78,157.06,160.44,162.56,155.76,150.14,152.38,150.82,154.18,146.44,149.94,146.78,150.52,148.62,150.86,155.12,155.4,150.26,156.94,156.94,165.52,166.92,161.64,158.44,152.76,147.82,156.1,151.86,159.5,152.24,162.56,162.38,157.02,156.78,155.0,153.82,154.52,154.64,154.62,151.32,162.54,153.96,155.4,156.06,156.58,156.72,159.7,160.18,158.92,151.14,159.94,158.26,158.3,158.28,161.14,156.74,150.3,162.2,152.38,152.34,160.46,159.38,159.26,152.74,154.44,154.34,152.84
2057-10-01,148.2,145.1,159.7,148.94,160.9,156.7,161.04,158.28,146.64,146.38,143.4,154.44,149.8,149.32,157.2,156.96,156.06,153.58,163.02,158.88,159.7,159.56,157.88,139.76,145.14,154.3,155.4,156.18,156.14,160.04,159.82,156.96,159.4,160.82,156.62,149.76,151.36,150.74,153.56,146.7,149.64,145.52,149.66,147.88,149.96,153.68,155.74,149.36,156.74,157.74,165.2,165.94,161.52,158.66,152.18,146.8,156.28,150.62,158.56,150.96,162.88,162.24,156.86,156.5,154.2,152.64,152.3,154.3,152.86,150.1,161.96,152.78,154.68,155.44,156.8,157.0,159.62,159.66,158.9,150.9,158.94,157.96,157.5,158.34,161.7,155.84,149.42,161.04,152.62,151.64,160.22,160.08,159.54,152.04,152.88,154.18,153.08
2058-10-01,147.14,144.56,159.86,150.44,160.7,155.94,159.84,157.04,146.9,146.2,143.54,154.22,148.98,148.18,156.1,156.66,155.96,153.6,162.22,158.74,159.26,158.56,157.08,139.6,144.82,153.88,154.86,155.84,155.44,160.28,159.56,156.34,158.52,161.58,156.42,149.98,152.44,149.56,154.1,146.84,149.54,143.66,148.78,147.46,150.2,152.54,155.84,149.48,156.3,157.5,165.72,166.14,161.48,157.74,152.14,147.94,156.48,149.56,158.6,151.12,161.96,162.5,157.12,155.98,154.36,152.02,153.34,155.08,152.36,150.74,161.54,152.18,154.64,154.88,157.24,157.22,159.7,159.88,158.04,151.28,159.66,158.56,156.8,157.24,162.26,156.24,149.36,160.52,152.14,150.54,160.38,160.18,158.64,151.52,153.56,152.24,152.1
2059-10-01,146.46,144.62,157.7,149.58,161.62,156.2,159.68,156.58,145.78,146.34,142.94,153.32,148.5,148.36,155.1,156.98,154.92,152.04,161.66,157.72,158.02,158.62,156.12,139.5,143.24,154.3,155.2,155.84,154.56,159.78,159.68,157.58,158.5,160.76,155.72,150.3,152.8,149.66,153.76,148.12,148.56,144.24,148.56,146.58,148.48,152.5,157.32,148.14,155.58,158.22,164.9,165.88,161.46,156.7,152.46,147.0,155.9,148.94,157.5,151.9,161.14,162.36,158.12,156.08,154.54,153.34,153.32,155.04,151.36,150.96,160.68,151.48,154.22,155.24,156.22,155.46,159.26,159.26,157.1,150.62,158.96,158.18,156.12,156.7,162.64,155.06,148.6,159.68,152.74,150.48,159.66,159.38,156.62,150.82,153.16,151.98,151.14
2060-10-01,146.64,144.52,157.94,149.24,162.44,155.06,158.98,156.18,145.08,145.34,141.76,153.64,148.46,147.4,155.02,156.2,154.04,150.84,161.74,156.9,158.28,159.54,155.26,140.1,143.06,153.88,155.52,156.56,153.46,158.96,159.12,156.3,157.46,161.9,155.54,150.16,153.46,147.86,153.26,148.32,147.52,144.26,148.72,146.48,148.74,151.74,156.44,147.44,154.32,158.12,165.24,165.56,160.26,156.82,152.18,147.68,155.42,149.18,157.72,151.76,161.88,161.5,157.72,155.28,153.44,152.76,152.36,155.26,151.08,150.74,159.92,151.22,154.86,154.88,156.92,154.32,159.42,159.18,157.38,150.82,159.98,158.82,156.56,156.22,161.06,153.84,148.34,159.08,152.8,149.34,160.52,159.16,156.34,150.32,151.94,151.04,151.0
2061-10-01,146.8,144.98,158.84,149.48,162.16,155.76,159.4,156.08,144.64,145.28,141.86,153.98,148.34,147.12,154.84,155.38,153.78,150.84,162.2,157.48,157.36,159.34,154.88,140.48,142.4,153.16,155.86,157.58,152.54,158.78,158.68,156.16,157.08,160.78,156.02,149.64,153.22,147.8,152.92,147.84,147.16,143.58,147.66,145.2,149.2,151.24,155.58,148.24,153.8,158.06,163.8,165.4,160.48,156.12,150.92,147.28,155.42,149.76,157.98,152.1,160.94,162.46,157.54,155.16,153.62,153.12,152.26,155.3,151.1,149.82,160.2,150.46,155.56,155.08,158.1,154.9,158.7,158.32,157.56,151.12,160.28,157.84,156.54,156.22,160.86,151.52,149.4,159.68,152.84,149.8,159.18,158.7,156.74,149.14,151.88,150.94,152.22
2062-10-01,146.34,144.36,157.92,148.84,161.52,155.7,158.36,154.34,143.94,144.66,140.74,154.44,148.04,147.5,154.54,155.58,152.16,152.18,162.66,156.84,156.46,159.08,153.72,140.66,141.3,153.88,155.92,158.16,152.22,158.82,158.06,154.92,156.64,161.58,155.5,149.98,152.7,147.42,151.42,147.56,146.16,143.28,147.72,144.8,150.86,151.0,155.78,148.08,154.14,159.34,164.3,164.92,160.1,157.74,149.84,147.02,155.24,149.58,157.6,151.74,160.06,161.62,156.44,155.22,152.84,152.98,153.14,155.14,151.92,149.52,159.42,148.74,156.7,155.04,157.26,155.56,159.1,158.26,157.88,151.14,159.92,158.04,156.6,154.78,160.42,151.08,149.84,160.32,154.26,149.98,158.9,157.22,156.62,149.14,151.2,151.22,151.92
2063-10-01,146.9,143.98,157.98,147.88,161.28,155.94,158.92,155.0,143.3,143.54,138.98,154.36,147.72,147.36,155.56,155.8,151.74,152.8,163.24,157.08,155.46,159.34,152.98,140.1,142.14,153.64,154.94,158.16,151.98,159.38,156.96,153.96,158.12,161.92,155.68,149.88,153.82,146.26,151.68,146.64,146.78,142.32,148.58,144.56,152.08,150.84,155.48,146.82,154.48,159.92,163.98,164.04,160.22,157.28,148.68,147.34,154.9,149.14,157.52,151.28,160.78,161.64,156.1,154.88,152.8,152.94,154.54,154.56,151.52,149.02,158.68,148.8,154.72,153.48,156.3,155.7,159.92,157.62,157.68,150.2,160.22,158.08,157.14,154.74,159.14,150.22,147.98,160.88,152.6,150.4,157.4,157.06,156.0,149.2,150.78,152.34,152.04
2064-10-01,147.08,143.78,157.58,147.46,161.14,156.22,157.96,153.38,143.08,143.3,139.2,154.14,147.08,146.84,155.2,155.34,151.34,152.6,161.78,156.44,154.88,159.34,152.36,139.32,141.82,154.22,154.64,157.64,151.82,159.06,158.98,154.02,158.34,162.12,156.3,150.28,153.18,147.3,151.28,147.08,146.74,141.72,148.14,144.86,150.96,149.76,156.4,147.2,154.6,160.48,163.64,163.28,158.4,157.64,149.38,147.44,155.0,148.88,156.84,151.58,160.74,161.62,155.32,153.58,151.76,153.64,153.7,154.34,151.58,149.18,157.98,147.62,155.34,153.38,155.72,155.16,159.82,158.8,157.56,149.5,160.5,157.92,156.26,155.0,158.44,150.22,147.94,160.32,153.24,152.26,156.34,157.32,154.52,149.64,150.7,152.14,152.08
2065-10-01,146.1,142.9,157.16,146.72,161.54,155.24,156.94,154.64,142.66,143.7,137.76,154.28,145.56,147.32,154.26,156.16,151.44,154.32,161.28,155.94,155.18,159.02,151.26,139.56,142.3,154.12,154.1,158.32,151.58,158.88,158.04,153.78,157.76,162.28,156.18,149.96,152.18,147.36,151.76,146.66,147.92,141.58,147.14,144.26,149.56,149.56,156.1,147.58,153.58,160.8,163.16,162.16,158.38,157.98,149.34,147.32,155.24,147.52,155.14,152.28,160.9,161.18,155.5,153.06,151.82,152.78,153.24,152.64,151.56,147.3,158.4,147.66,154.74,154.44,155.4,153.5,158.84,157.92,158.78,147.94,161.36,158.16,157.1,154.82,158.04,149.1,147.8,158.92,152.16,151.98,156.62,157.28,153.46,149.38,151.26,151.32,152.56
2066-10-01,145.74,142.26,157.78,146.34,162.46,155.38,156.78,154.72,142.84,144.0,137.42,153.78,145.76,148.06,154.04,154.42,150.74,155.1,160.34,155.64,154.88,157.88,150.4,139.76,142.42,153.66,153.64,158.4,150.76,158.22,158.16,153.2,156.94,161.84,155.9,150.56,152.94,147.8,151.6,147.1,148.34,140.96,146.26,145.1,149.06,148.92,155.62,147.82,153.94,159.7,162.36,162.66,158.06,156.62,150.62,147.9,155.86,146.82,154.16,151.8,160.72,161.2,155.2,153.46,150.36,152.68,152.86,151.86,150.66,146.92,157.68,148.52,155.46,154.24,154.3,153.02,158.74,157.12,158.3,148.08,161.16,158.24,157.04,155.42,156.44,146.84,146.44,158.7,152.34,150.7,156.42,157.22,153.58,148.7,150.22,151.22,152.96
2067-10-01,145.92,142.76,157.62,144.82,161.76,155.16,156.72,155.12,143.46,143.96,137.0,153.3,146.7,146.8,153.88,154.38,149.88,154.5,159.22,154.82,155.2,156.48,150.3,139.26,143.8,153.62,154.28,158.04,151.06,158.14,158.4,153.04,156.3,161.94,157.02,150.76,152.74,147.3,151.3,147.04,149.24,141.28,145.8,146.28,148.4,148.38,154.44,147.52,154.12,160.14,163.74,161.66,157.28,156.82,150.22,147.62,155.2,145.88,153.38,151.92,160.74,160.86,155.28,153.44,149.66,152.82,152.5,151.1,149.16,146.94,156.76,148.2,155.38,153.56,155.0,153.52,158.96,156.82,159.54,147.58,161.1,157.96,157.2,156.7,155.42,148.34,145.88,158.76,151.96,149.74,156.46,156.84,153.26,148.68,148.74,150.78,152.96
2068-10-01,144.88,142.82,157.38,143.92,161.86,155.76,157.24,155.18,143.24,143.18,136.54,153.08,146.6,145.58,153.06,154.52,148.86,153.98,159.12,155.26,154.48,155.84,150.2,138.1,143.5,152.28,153.58,157.7,151.96,157.9,158.2,152.36,156.76,161.18,157.8,151.16,152.6,146.96,151.24,146.04,149.54,141.2,145.5,145.44,149.2,148.04,153.08,148.34,154.26,160.08,162.52,162.08,159.06,156.52,149.08,149.1,155.32,146.24,153.74,152.36,160.26,160.32,154.14,153.44,151.18,152.08,152.48,149.8,148.28,147.16,156.04,147.38,154.82,152.9,154.94,152.14,158.88,156.04,159.8,148.2,160.66,158.56,156.88,156.88,154.6,147.64,146.42,157.8,151.88,148.56,155.84,155.58,152.7,149.48,149.84,149.26,151.42
2069-10-01,144.92,142.34,156.88,144.66,162.38,155.56,157.48,155.28,143.78,144.32,135.38,154.12,146.4,145.04,151.42,155.82,149.04,154.88,158.64,154.22,153.5,155.04,149.42,137.24,143.26,151.94,152.46,157.92,152.52,157.98,158.06,151.72,157.1,162.14,157.52,151.44,152.86,147.44,150.12,145.74,150.52,140.98,145.52,145.04,148.66,148.42,152.92,148.04,153.94,160.46,162.56,161.16,159.18,156.2,149.02,149.44,155.28,147.28,153.92,152.08,159.08,159.54,153.98,151.64,151.12,152.04,152.54,150.46,146.8,147.48,155.98,147.34,154.98,152.44,155.42,152.2,158.26,155.24,160.52,148.34,159.98,157.76,156.08,155.14,153.08,147.7,145.48,156.68,152.02,148.18,156.26,155.44,152.48,150.72,149.58,149.84,150.18
2070-10-01,144.36,142.12,157.2,144.7,163.08,156.72,157.46,155.26,143.76,144.64,135.08,154.1,146.08,145.1,152.4,156.92,148.5,154.12,157.38,154.96,152.36,154.68,149.6,137.08,141.96,150.78,153.2,157.3,152.6,157.0,157.26,150.36,157.64,163.18,157.3,151.26,153.22,147.76,149.52,146.48,150.86,141.04,146.06,145.06,149.76,148.32,153.4,146.4,153.1,160.88,162.0,162.06,158.5,156.04,149.46,149.08,155.82,147.04,153.32,151.72,158.48,159.38,154.32,150.56,150.76,152.18,151.58,151.16,146.44,148.96,155.22,147.58,155.04,151.5,155.36,152.04,159.18,155.28,160.0,147.4,160.08,157.98,156.84,154.86,153.34,147.16,146.46,155.86,151.74,148.28,156.98,155.2,151.96,149.88,149.7,148.46,149.34
2071-10-01,144.46,142.2,157.3,144.44,162.9,156.88,156.26,154.72,142.7,145.66,134.62,153.52,146.24,143.88,151.46,156.8,147.48,154.7,158.46,154.4,152.82,154.44,148.9,136.22,140.42,150.22,152.0,157.3,154.36,157.44,157.44,149.54,157.0,162.44,158.54,151.52,153.86,148.68,149.36,147.18,150.16,140.62,145.88,145.54,148.52,148.18,152.58,146.04,152.32,160.18,163.0,161.22,158.7,155.68,150.4,147.22,155.56,145.36,153.94,151.96,159.76,158.62,154.5,150.3,150.84,152.4,152.02,150.68,146.36,148.5,154.18,146.52,155.58,151.04,155.2,152.24,158.68,155.18,160.16,148.48,159.44,157.44,157.72,154.36,152.96,147.2,145.86,157.34,150.54,148.16,157.58,155.32,151.96,150.18,149.1,148.38,149.84
2072-10-01,144.06,142.7,157.0,145.16,163.08,157.78,155.24,154.82,142.78,145.62,133.44,152.06,146.72,143.7,151.58,156.76,147.56,156.66,157.98,154.46,152.58,154.7,147.78,135.88,139.58,149.48,150.86,156.48,154.84,157.48,157.14,149.66,156.8,162.46,158.44,150.4,153.0,148.62,147.66,146.4,150.4,140.06,145.88,146.28,148.86,147.72,152.26,146.12,153.26,159.62,162.02,161.56,158.08,155.6,150.9,146.6,154.76,143.88,153.18,152.2,159.06,158.52,153.56,150.5,150.02,152.98,152.12,151.94,148.0,147.22,154.18,146.82,154.5,151.0,155.56,152.04,158.74,155.2,160.28,148.12,159.36,158.36,157.34,155.88,153.38,147.48,146.46,157.48,150.08,148.5,157.22,154.8,151.7,148.84,148.46,149.1,149.44
2073-10-01,144.26,143.48,157.02,145.02,162.68,158.76,155.16,154.68,142.32,144.92,133.9,150.88,146.88,143.56,152.96,155.98,148.12,155.78,157.36,154.22,152.56,154.12,147.64,136.14,138.94,148.98,151.34,156.9,153.76,157.58,156.62,148.7,156.06,163.16,157.58,149.14,152.32,147.1,147.84,146.78,150.44,139.16,145.02,146.2,148.28,148.34,152.5,146.96,153.9,159.22,161.2,160.48,158.42,155.28,150.0,146.34,154.38,142.68,153.58,151.8,157.78,158.82,154.02,149.54,151.46,152.88,152.88,152.78,147.5,145.5,153.56,145.92,154.8,151.54,155.42,151.74,157.48,155.18,160.08,147.7,159.9,157.9,157.04,154.2,153.0,147.3,146.02,158.42,149.12,147.96,157.34,153.66,151.26,149.18,148.42,148.96,149.32
2074-10-01,143.4,143.68,156.26,143.78,162.2,157.52,156.38,153.26,142.34,145.28,132.9,150.86,146.22,143.96,151.72,155.38,148.2,155.7,156.4,153.9,151.72,153.0,147.12,136.48,138.06,148.54,150.06,155.92,152.04,157.0,156.98,148.0,155.3,163.66,157.2,148.84,152.06,146.6,147.54,145.98,150.68,139.74,146.2,145.54,147.46,148.0,152.38,147.64,153.3,159.42,161.32,160.22,157.38,154.82,150.48,145.48,154.7,143.08,152.46,152.72,158.2,160.06,152.76,149.08,150.44,153.56,152.62,152.24,146.94,144.9,153.66,144.54,153.48,151.06,155.74,151.02,157.1,154.52,159.06,147.88,159.38,157.98,156.62,153.32,152.18,148.2,144.7,158.36,148.58,146.52,157.04,153.48,150.68,150.36,148.52,149.36,149.2
2075-10-01,142.58,142.58,156.0,143.78,159.8,156.54,155.9,152.86,142.54,145.7,132.76,151.44,146.3,143.64,151.0,154.0,148.16,155.6,156.26,153.28,149.62,153.2,146.18,136.26,137.3,149.54,150.24,154.92,150.94,156.4,155.86,147.84,156.3,162.66,156.28,148.8,151.66,145.64,146.8,145.64,150.46,140.18,147.12,145.24,147.32,149.08,152.24,148.56,154.06,158.44,162.76,159.82,158.08,154.72,150.26,145.64,153.38,142.26,153.94,152.56,158.1,159.44,153.02,148.58,151.04,152.96,153.28,150.66,145.96,144.5,153.68,144.82,152.94,151.7,155.46,150.26,157.4,153.66,159.54,147.26,158.46,158.16,156.06,154.02,153.36,147.64,144.9,159.22,147.76,145.06,157.48,153.64,150.3,152.04,147.98,148.1,149.02
2076-10-01,141.78,141.08,155.76,143.54,160.5,155.26,154.7,153.96,143.38,144.54,132.32,152.12,146.58,143.18,150.62,154.04,147.06,155.32,155.62,152.64,149.58,152.56,146.56,136.92,136.56,150.08,149.12,155.04,151.32,155.82,155.56,147.2,157.08,162.2,156.32,148.66,152.32,144.8,146.74,145.18,150.08,139.8,146.9,145.36,146.94,150.36,151.7,149.82,152.68,158.62,163.58,161.08,157.7,153.44,149.76,145.92,153.4,142.02,153.66,153.06,156.5,159.4,152.38,148.06,150.92,152.52,153.66,150.5,145.2,144.8,152.54,144.04,152.78,151.58,155.42,150.54,158.0,152.94,158.14,147.96,158.0,158.48,155.6,153.32,154.78,148.1,144.76,160.4,147.16,145.36,157.34,153.48,149.8,151.38,146.88,147.56,147.98
2077-10-01,141.1,140.02,155.04,143.64,160.1,154.42,155.18,154.08,143.46,144.9,132.82,151.0,146.44,141.74,151.62,152.62,145.54,154.78,156.18,151.76,148.72,152.02,145.8,136.58,136.3,149.7,149.32,154.62,150.14,156.08,154.26,146.4,157.76,162.8,155.82,148.98,153.86,143.98,146.72,145.34,149.92,140.64,146.86,145.84,145.18,150.46,151.92,148.62,152.42,158.34,162.7,162.1,156.9,152.94,150.1,145.54,152.08,142.64,152.82,152.1,157.74,161.06,151.62,147.96,150.64,151.72,153.72,150.26,144.72,145.54,152.26,143.5,153.58,150.16,155.74,150.6,157.24,153.5,157.44,149.3,158.54,158.16,155.28,153.18,154.58,148.44,145.22,159.52,146.76,145.52,156.54,152.62,149.16,152.18,146.16,146.7,148.26
2078-10-01,141.4,140.66,154.44,142.88,159.48,154.58,154.52,153.86,143.8,144.56,132.22,150.48,144.98,141.3,151.84,152.46,145.96,153.3,156.38,151.4,147.62,152.1,146.3,135.82,135.62,150.84,150.08,155.22,149.0,155.76,154.18,145.94,158.12,163.22,156.3,149.9,153.84,144.08,146.78,145.26,150.48,141.22,147.9,144.94,146.2,149.42,151.04,147.72,152.14,157.96,161.52,161.72,156.56,152.58,149.78,145.3,151.58,142.8,150.9,151.08,157.54,160.48,151.78,148.72,150.0,151.7,152.48,149.72,145.68,146.32,152.1,144.14,154.26,150.0,155.0,151.0,157.5,154.14,156.42,150.38,159.04,157.5,155.04,153.02,155.12,148.3,144.28,159.02,146.42,144.94,156.88,153.26,147.82,152.7,144.84,147.2,147.98
2079-10-01,140.22,140.32,154.84,142.78,157.86,155.04,155.06,154.1,144.52,144.42,132.44,150.38,145.34,142.78,151.06,152.16,146.16,152.84,155.46,150.14,147.16,151.78,144.74,135.16,134.08,150.08,149.74,155.08,149.76,155.66,152.9,144.82,158.5,162.42,154.82,149.68,153.48,144.52,147.62,145.06,150.72,141.94,147.42,145.48,146.86,149.18,150.76,147.42,151.04,157.32,161.02,160.66,157.12,153.5,149.4,144.78,150.38,142.14,150.6,151.4,157.3,160.46,150.82,148.66,148.46,150.74,152.58,149.66,146.38,145.82,151.3,144.36,153.86,150.58,155.3,151.44,156.86,154.84,155.58,150.86,158.54,157.46,154.18,152.4,155.7,147.74,144.66,159.92,145.84,145.54,156.8,152.9,147.48,152.5,144.2,146.8,148.34
2080-10-01,139.82,139.36,153.34,142.24,158.94,156.26,155.34,153.04,144.8,143.84,131.62,149.02,145.46,143.12,150.9,152.34,144.96,153.46,155.92,149.48,147.6,151.82,145.22,135.28,133.96,149.62,149.02,154.14,149.16,156.0,152.38,144.38,158.42,162.04,155.08,149.22,152.96,144.82,147.96,145.14,149.8,142.1,147.14,145.4,146.56,149.04,150.64,147.98,151.48,156.82,160.88,160.9,156.5,152.92,149.8,144.76,149.32,141.04,150.06,151.58,157.42,159.68,150.38,147.66,148.66,149.86,153.42,148.88,144.9,145.02,150.84,143.96,153.86,149.56,154.86,150.6,155.6,154.62,155.2,149.64,158.6,158.28,154.2,151.04,155.16,148.9,144.12,158.72,145.04,145.42,156.32,152.8,147.16,153.56,143.2,146.38,148.18
2081-10-01,140.98,139.34,152.7,141.56,158.66,155.76,154.74,151.4,146.08,143.48,132.02,150.34,145.08,143.44,150.18,151.7,144.84,153.02,154.8,149.78,147.46,151.78,144.88,135.82,132.92,149.38,147.86,154.18,148.04,154.72,153.08,143.3,158.9,161.58,155.2,148.68,152.82,145.08,148.14,144.78,149.98,141.06,146.48,145.56,146.66,149.94,150.14,146.8,149.8,156.78,161.28,161.14,155.22,153.06,148.44,144.7,148.48,140.34,148.86,150.94,156.76,159.54,151.8,148.76,148.42,150.6,153.44,149.16,144.7,145.06,150.08,141.86,153.78,150.12,153.54,149.46,155.4,154.54,153.62,149.52,159.02,157.62,153.92,149.96,155.36,150.3,143.78,157.96,145.14,144.94,156.68,152.58,147.18,154.5,140.96,145.84,148.18
2082-10-01,140.64,138.6,151.44,142.38,158.08,156.16,154.2,150.34,146.32,144.1,132.32,149.64,144.12,143.96,150.18,151.4,145.5,152.96,153.86,149.34,147.36,151.68,144.14,135.28,134.18,150.66,146.24,153.26,147.4,155.32,153.26,143.14,159.06,159.48,155.3,148.16,153.22,145.28,148.42,144.3,150.98,140.84,147.22,144.38,146.24,148.94,149.9,147.42,149.78,155.4,161.9,160.92,155.6,152.38,149.6,144.22,148.4,139.68,149.58,149.82,157.58,159.08,151.9,148.56,148.52,149.68,152.54,149.82,142.18,146.22,150.14,142.06,154.06,150.06,153.56,148.7,154.34,155.06,154.92,149.6,158.32,156.44,153.0,149.3,155.44,150.2,142.18,157.54,145.32,144.16,157.4,152.14,146.84,154.7,142.5,145.74,148.18
2083-10-01,140.58,139.06,152.6,142.9,158.18,157.44,153.2,149.12,146.2,144.04,130.64,148.46,144.14,143.98,151.8,150.74,145.98,151.8,153.5,149.0,146.0,151.14,144.32,136.08,134.24,151.78,146.26,152.06,146.7,156.36,153.26,142.92,159.08,159.88,156.06,147.74,152.68,144.3,147.88,144.62,151.6,140.62,146.74,144.84,145.42,149.38,149.78,146.88,148.58,156.52,163.44,160.26,155.46,152.84,149.86,144.14,148.9,139.56,149.0,148.68,158.0,159.3,151.0,149.22,147.96,148.7,153.18,149.72,140.64,146.8,150.06,142.26,153.58,149.38,152.78,148.28,155.74,155.24,155.38,149.06,158.3,157.46,152.34,148.44,155.92,149.7,142.72,156.86,144.76,142.96,157.34,152.0,145.9,153.14,142.22,145.32,147.22
2084-10-01,140.26,138.32,153.08,142.54,158.76,156.34,153.64,148.24,146.72,142.74,129.7,148.7,144.46,143.0,150.74,149.82,145.3,151.16,153.1,148.28,145.16,150.46,145.56,137.1,134.02,151.54,145.74,151.28,146.06,155.88,153.62,143.18,157.92,160.08,155.78,147.94,152.9,144.4,147.46,143.88,151.34,140.7,146.04,145.08,145.48,148.72,148.96,146.58,149.4,157.36,163.54,161.18,155.76,153.56,150.5,143.84,148.88,139.9,148.48,147.1,157.82,158.22,149.86,149.66,148.48,148.46,152.7,150.14,141.42,146.22,149.38,142.48,153.12,148.54,152.16,148.78,155.64,153.88,155.52,149.84,157.06,157.72,151.6,148.84,155.78,150.76,143.22,155.96,144.38,142.38,156.72,151.9,146.62,152.4,143.86,145.98,146.82
2085-10-01,139.74,139.3,152.98,142.46,159.96,155.68,152.48,147.76,146.92,142.68,128.92,148.48,143.44,143.42,149.84,149.62,144.76,150.88,154.12,147.86,144.56,149.54,146.62,136.9,134.02,150.88,146.06,151.16,145.82,156.36,153.54,141.26,157.4,158.94,155.52,147.12,152.1,144.78,147.78,143.06,151.1,140.24,145.72,145.0,146.1,149.7,148.16,144.76,149.48,157.26,163.68,160.48,156.08,154.24,151.26,142.74,148.8,140.56,148.42,146.8,158.58,159.08,150.52,149.64,148.58,147.64,152.9,150.42,141.14,145.54,150.24,141.92,152.84,149.14,151.62,147.76,153.7,153.02,156.02,149.88,155.92,157.28,151.24,148.62,155.34,151.38,143.22,156.48,143.46,141.32,156.42,152.1,146.24,153.0,143.7,146.9,147.16
2086-10-01,138.56,138.92,152.98,142.26,160.36,156.0,152.9,148.32,148.88,143.78,128.74,149.14,143.68,143.2,150.2,148.78,144.94,150.2,153.14,146.54,145.32,150.14,146.56,137.44,132.86,152.46,145.78,151.3,144.68,156.36,153.68,140.3,158.26,159.16,155.26,147.6,151.9,144.64,146.7,143.38,149.96,140.46,145.28,144.58,145.18,149.22,147.74,146.0,150.2,156.6,162.74,161.5,156.38,153.38,151.74,142.36,148.58,141.32,148.66,145.24,159.26,158.5,149.68,149.04,149.14,148.48,153.48,150.48,140.6,143.94,150.3,141.46,152.12,149.62,151.24,148.28,152.28,152.82,156.08,150.22,156.36,156.66,151.0,147.98,154.98,149.78,141.66,156.4,143.16,141.74,155.9,151.44,146.6,152.92,144.76,147.38,147.52
2087-10-01,139.46,137.78,151.62,142.54,161.3,154.84,151.62,148.64,147.9,143.86,128.2,149.44,144.02,142.26,149.76,149.6,143.88,150.9,151.34,146.42,144.72,149.82,146.0,137.18,133.36,153.28,146.2,151.68,143.7,155.84,154.32,140.1,158.02,159.0,155.76,147.62,151.08,144.6,147.94,143.52,150.94,139.94,146.5,144.48,143.82,149.22,148.34,146.32,149.44,157.04,163.68,160.6,155.82,153.2,150.74,141.16,146.84,141.48,147.62,145.68,159.68,158.34,148.82,149.08,149.8,148.46,152.66,149.64,141.6,144.14,150.18,141.52,152.22,149.8,151.24,147.86,153.36,151.78,155.68,149.64,155.18,157.24,151.04,148.1,154.74,149.76,141.46,156.32,144.66,142.0,156.24,151.38,146.16,154.0,144.84,147.26,146.66
2088-10-01,139.16,137.12,151.34,141.78,162.44,154.3,151.04,147.8,146.76,144.08,128.34,150.6,143.78,142.5,149.22,149.42,143.78,151.78,150.46,146.66,144.42,149.98,144.96,137.42,133.94,154.4,146.64,150.62,142.56,153.8,154.34,139.44,158.3,158.22,154.6,148.3,150.92,144.9,147.98,143.82,151.84,140.28,146.62,142.14,143.8,149.08,147.48,145.2,149.02,157.46,162.8,161.5,155.36,153.54,150.6,139.98,147.16,142.0,147.3,145.88,160.0,158.22,148.82,148.88,150.5,148.18,152.5,148.3,141.78,144.26,149.06,141.92,151.94,149.34,151.6,147.34,153.6,151.66,156.1,149.2,155.72,157.16,150.38,147.86,153.84,150.28,141.44,155.6,144.24,142.04,156.14,151.76,146.9,153.04,145.82,146.24,144.76
2089-10-01,139.9,136.94,151.56,141.72,163.54,154.9,150.72,146.62,147.1,143.62,127.36,150.46,143.76,141.72,147.76,149.46,143.58,152.1,150.18,146.84,143.6,150.58,144.66,138.08,132.66,153.86,146.82,151.26,143.1,154.04,154.28,139.66,159.72,157.62,155.6,148.7,152.14,144.44,148.28,143.78,150.68,140.6,146.7,141.68,144.06,149.38,148.0,145.88,148.92,156.78,163.28,162.02,155.02,153.84,150.64,139.82,146.7,142.4,146.2,146.28,160.3,156.82,147.74,150.28,151.08,147.38,152.04,147.94,142.32,144.8,149.44,142.68,152.74,149.1,151.42,147.88,152.68,150.38,155.42,150.38,155.64,156.64,150.74,148.02,153.78,149.94,141.78,155.34,144.66,142.1,156.56,150.9,146.96,153.98,145.64,147.34,144.12
2090-10-01,139.1,136.5,151.76,141.52,164.62,153.98,150.52,145.88,146.7,143.64,127.68,150.32,142.58,140.72,147.44,149.2,143.38,152.82,151.04,147.52,143.02,150.32,143.58,138.0,131.98,153.24,145.82,151.68,142.68,153.54,153.64,140.52,160.62,156.54,155.94,147.76,152.5,144.64,148.52,144.16,149.26,141.0,147.22,141.84,141.64,150.12,147.14,145.7,148.58,156.8,163.94,162.26,155.76,152.94,150.68,138.82,147.24,141.8,145.62,145.22,159.48,155.12,147.34,149.86,151.62,146.66,151.66,148.08,141.62,144.7,149.22,142.7,153.46,148.34,151.88,147.64,153.5,149.5,155.38,150.46,154.44,156.0,150.46,148.98,154.96,149.86,141.26,155.38,144.6,141.98,156.74,150.6,146.98,153.62,144.52,148.3,143.78
2091-10-01,139.5,136.5,152.06,142.18,163.9,153.68,149.2,146.38,147.28,143.28,128.46,149.78,142.4,141.24,147.48,148.62,142.82,152.7,149.78,147.46,142.32,150.02,143.6,137.34,131.92,152.4,146.2,151.62,142.84,153.36,153.44,140.3,160.18,157.36,155.9,148.98,153.06,143.96,147.24,145.24,148.54,140.92,146.52,141.96,141.46,149.84,146.44,145.48,148.7,157.52,163.7,162.16,155.3,151.52,151.26,138.48,147.12,141.96,145.9,144.94,158.8,155.18,147.74,147.3,151.36,146.5,151.54,148.18,141.26,144.56,149.28,141.72,153.56,148.26,151.34,147.12,153.98,150.52,155.32,148.92,155.2,155.42,149.6,148.2,154.68,148.94,141.26,155.52,144.58,142.02,155.22,150.48,146.38,153.74,143.94,147.52,144.4
2092-10-01,138.88,136.66,152.1,143.04,163.92,152.8,148.18,147.22,148.68,143.1,129.08,150.0,142.96,140.98,146.56,149.16,143.9,152.5,149.28,146.2,141.4,149.52,143.6,138.22,131.68,152.74,145.34,150.76,141.84,152.92,152.84,140.38,161.66,158.78,156.4,147.48,153.42,143.4,147.36,145.58,148.4,141.08,146.26,140.9,143.12,149.4,146.12,144.66,148.48,157.5,164.26,162.12,155.08,153.2,152.48,138.18,147.26,142.4,145.5,144.34,158.32,155.74,147.22,145.64,151.66,146.04,153.08,147.28,140.88,144.54,147.56,141.5,153.22,148.44,151.82,148.4,154.36,150.14,153.94,149.88,155.3,154.4,149.64,148.94,154.96,149.28,140.44,155.8,144.76,140.92,154.74,150.0,145.8,154.74,145.02,147.62,144.8
2093-10-01,138.66,135.08,150.88,142.02,164.0,153.58,148.36,146.66,148.78,142.08,128.38,149.5,142.52,140.76,145.68,149.06,143.92,153.74,149.1,146.66,140.34,148.02,144.04,138.16,131.76,152.7,145.58,150.66,141.6,152.3,153.3,140.6,161.26,158.2,156.44,147.4,152.84,143.34,147.76,145.08,148.28,141.44,146.72,140.54,142.82,149.44,144.88,144.58,148.1,157.7,165.66,161.22,154.9,153.48,152.06,137.66,146.3,141.86,145.4,144.14,157.9,154.96,146.24,144.86,152.22,145.42,153.56,147.06,140.58,144.48,146.4,141.08,153.6,149.56,151.14,148.42,153.64,149.7,154.38,148.28,154.96,155.02,149.98,148.58,154.64,149.64,139.54,155.56,144.64,141.02,154.36,149.84,146.14,153.74,146.16,146.22,144.76
2094-10-01,138.78,133.96,150.7,142.72,165.06,151.96,147.88,147.5,148.1,141.24,126.96,149.8,142.18,139.36,144.52,149.88,143.42,154.02,148.46,145.92,140.9,147.56,143.98,138.64,131.36,151.94,145.48,149.86,142.4,152.1,154.36,140.32,160.36,158.98,157.02,146.4,151.96,142.8,148.46,145.0,147.92,141.88,146.72,139.92,141.22,150.24,144.4,144.26,147.8,158.32,166.7,160.5,155.5,152.52,152.18,136.64,145.42,141.96,144.06,144.34,156.58,154.52,146.14,144.5,153.44,145.9,152.68,147.62,140.48,143.4,146.16,140.4,153.24,149.32,151.14,147.16,154.52,148.8,155.16,146.96,154.34,156.02,148.62,148.36,153.38,148.32,139.92,154.96,144.96,140.64,154.66,149.26,146.22,153.08,146.72,144.46,144.52
2095-10-01,139.44,134.16,149.92,142.86,165.16,151.96,148.6,148.46,146.88,141.38,128.18,149.1,141.38,138.66,143.64,149.22,142.92,154.46,148.52,144.92,139.3,146.9,142.98,138.06,131.16,151.88,145.7,151.0,141.94,153.02,154.02,140.58,159.62,158.1,157.46,146.6,151.66,142.76,149.04,145.52,147.42,143.74,145.74,139.02,142.28,150.28,143.34,144.62,146.72,157.98,166.38,161.2,155.18,151.56,152.06,137.12,145.5,142.2,143.84,143.84,156.42,153.66,146.64,143.92,153.24,146.44,151.12,147.36,140.58,144.62,146.48,139.8,153.6,148.16,151.14,147.12,154.46,147.88,155.98,146.62,154.6,156.34,148.76,148.36,153.92,149.34,139.36,153.86,145.08,140.6,154.96,148.92,145.62,153.52,145.3,142.38,143.62
2096-10-01,140.16,134.06,149.44,141.82,166.6,152.9,149.42,148.78,146.58,141.74,128.66,149.7,141.96,139.26,144.74,149.56,141.82,153.92,148.46,145.94,139.62,148.08,142.16,138.88,131.96,151.06,144.16,151.0,141.8,154.12,153.12,140.72,159.88,157.12,156.62,147.38,152.74,141.9,149.74,144.92,147.86,143.26,145.36,138.76,141.36,150.6,143.16,143.48,147.6,157.7,166.38,159.6,156.46,153.16,152.1,138.06,146.34,141.38,142.94,144.54,156.5,153.12,146.58,144.18,153.82,144.66,151.16,146.42,140.44,144.46,146.04,139.06,153.4,148.22,151.04,146.92,154.86,149.32,156.44,146.26,154.18,155.84,149.6,146.14,153.62,148.32,138.6,154.42,144.6,141.62,154.82,149.48,145.36,153.06,145.04,142.04,142.76
2097-10-01,141.28,134.18,150.28,141.48,166.86,153.16,149.18,148.48,146.16,140.98,128.98,149.52,142.26,140.16,144.16,150.04,140.56,155.74,149.36,145.58,138.44,146.7,140.94,138.8,130.86,149.7,143.98,151.18,142.22,153.58,153.08,140.92,159.98,156.56,156.7,147.96,152.8,141.12,150.4,144.5,148.38,142.92,144.06,138.68,140.08,150.26,143.68,143.7,148.24,156.6,166.62,158.78,156.28,153.94,151.92,137.58,145.78,141.32,143.36,144.64,156.5,152.34,147.54,143.52,153.5,145.6,151.22,146.2,140.56,144.66,145.32,140.38,153.7,148.58,150.16,146.16,154.86,149.66,156.12,146.94,154.58,156.34,148.1,146.12,153.26,148.54,138.98,153.18,144.1,140.92,154.46,150.34,145.12,152.48,143.96,142.46,141.8
2098-10-01,141.54,133.12,149.8,141.22,167.88,152.54,148.2,149.16,145.98,141.04,128.34,149.54,142.36,139.28,143.54,150.26,139.36,156.62,149.14,145.22,138.0,146.82,141.96,138.76,130.48,149.5,143.56,151.0,141.58,154.0,152.1,139.94,159.2,156.9,157.36,149.08,152.48,140.88,151.02,145.48,148.5,143.56,145.12,138.28,140.9,150.04,144.4,143.62,147.84,156.82,166.06,158.66,155.42,153.2,152.32,137.58,145.12,140.34,143.24,144.7,156.42,152.9,146.98,143.6,153.82,145.98,150.88,145.62,139.62,144.58,145.74,139.76,154.74,148.8,151.36,146.08,155.56,150.44,155.1,146.26,153.88,157.74,147.26,146.3,153.38,148.64,139.76,153.74,143.62,141.26,153.7,150.72,145.2,152.62,143.88,141.8,142.34
2099-10-01,140.52,131.92,147.82,139.54,166.02,150.2,146.64,146.68,143.58,138.58,126.8,148.18,140.7,138.08,142.28,148.98,137.88,154.66,147.62,143.42,136.44,144.22,140.04,137.16,129.24,147.6,141.98,148.72,139.94,151.58,150.36,138.18,157.08,154.42,155.42,148.5,150.78,140.08,149.9,144.38,147.48,142.38,144.48,137.04,140.88,148.78,142.24,142.54,146.76,154.86,164.34,156.74,153.46,151.26,150.12,135.86,143.88,139.42,141.98,143.86,154.34,151.52,145.58,141.34,152.32,143.44,149.82,143.5,137.2,143.08,143.84,139.16,152.7,146.62,149.02,143.7,154.26,148.5,152.86,144.22,151.98,156.08,145.72,144.54,151.46,145.64,138.28,151.26,142.22,140.0,151.36,149.02,143.3,150.16,142.22,140.14,140.2
